Metric,Pearson_Coefficient,Pearson_p-value,Spearman_Coefficient,Spearman_p-value
CBO,0.2778019328602745,8.299411234292733e-19,0.32114229266622435,6.3709855632504265e-25
DIT,0.1171516506100522,0.00023922405584003243,0.2140585530602964,1.3083567333331359e-11
LCOM,-0.028464058206032875,0.37365187794773197,0.27468023215846876,2.089088765647891e-18
